year,report_code,report_name,period_order,period_months,revenue,cost_of_sales,gross_profit,operating_income,profit_before_tax,net_income,current_assets,total_assets,cash_and_cash_equivalents,accounts_receivable,inventory,current_liabilities,total_liabilities,total_equity,short_term_borrowings,long_term_borrowings,operating_cash_flow,investing_cash_flow,financing_cash_flow,capex_ppe,capex_intangibles
2011,11011,사업보고서,4,12,28097139000000,23052881000000,5044258000000,-299180000000,-402393000000,-277919000000,8153774000000,24199230000000,1364211000000,,885730000000,8871191000000,13704369000000,10494861000000,,,513986000000,-1711602000000,1692993000000,,
2012,11011,사업보고서,4,12,50959978000000,38652915000000,12307063000000,1135981000000,524067000000,-354760000000,14554289000000,31457386000000,1832190000000,,4599422000000,12815912000000,18753169000000,-271382000000,,,1751438000000,-1349710000000,-856372000000,,
2013,11011,사업보고서,4,12,28078895000000,22649510000000,5429385000000,-213877000000,-247145000000,-189077000000,16325058000000,24971082000000,1298349000000,,916581000000,9346331000000,15138262000000,16208000000,,,2210902000000,-2390714000000,661758000000,,
2014,11011,사업보고서,4,12,59040767000000,45299122000000,13741645000000,1828557000000,19803000000,0,17482698000000,37068420000000,2244406000000,7683915000000,5711273000000,15754349000000,24077323000000,9488700000000,,,2029186000000,-2396714000000,64296000000,,
2015,11011,사업보고서,4,12,56509008000000,43635063000000,12873945000000,1192291000000,593125000000,249143000000,16397613000000,36313896000000,2710156000000,7093352000000,4872676000000,14779691000000,23330409000000,12983487000000,,,2618775000000,-1933212000000,-188918000000,1747253000000,483592000000
2016,11013,1분기보고서,1,3,13362090000000,10038408000000,3323682000000,505163000000,281570000000,198068000000,17378859000000,37176946000000,3294782000000,6838192000000,5417754000000,15613951000000,24186930000000,12990016000000,,,597295000000,-416034000000,436110000000,314351000000,117891000000
2016,11012,반기보고서,2,6,27365032000000,20274877000000,7090155000000,1089768000000,756875000000,466579000000,17271796000000,37245044000000,2908035000000,7351754000000,5209514000000,15350085000000,24116740000000,13128304000000,,,1423758000000,-1023120000000,-162595000000,821594000000,220984000000
2016,11014,3분기보고서,3,9,40589262000000,30190114000000,10399148000000,1373000000000,804819000000,385057000000,17277520000000,37285556000000,3488547000000,6644714000000,5544772000000,15362206000000,24707761000000,12577795000000,,,2467666000000,-1666348000000,117177000000,1318272000000,338188000000
2016,11011,사업보고서,4,12,55367033000000,41630293000000,13736740000000,1337763000000,721717000000,126315000000,16990563000000,37855269000000,3015137000000,7059889000000,5171015000000,15744364000000,24498527000000,13356742000000,,,3157990000000,-2390720000000,-278833000000,2019014000000,457077000000
2017,11013,1분기보고서,1,3,14657194000000,10962990000000,3694204000000,921536000000,1091857000000,835691000000,17474938000000,38124509000000,3031859000000,7360072000000,5392008000000,16150539000000,24432914000000,13691595000000,,,794958000000,-750830000000,74252000000,640111000000,138188000000
2017,11012,반기보고서,2,6,29208605000000,21792961000000,7415644000000,1585597000000,1834120000000,1350558000000,18275231000000,39342399000000,3604375000000,7344627000000,5620184000000,15969686000000,24934303000000,14408096000000,,,1731345000000,-1348287000000,237271000000,1186502000000,306747000000
2017,11011,사업보고서,4,12,61396284000000,46737563000000,14658721000000,2468549000000,2558112000000,1869518000000,19194969000000,41220959000000,3350597000000,8178213000000,5908437000000,17536470000000,26547275000000,14673684000000,,,2166270000000,-2582872000000,840836000000,2575542000000,643772000000
2018,11011,사업보고서,4,12,61341664000000,46260620000000,15081044000000,2703291000000,2008575000000,1472814000000,19362854000000,44328443000000,4270388000000,6371594000000,6021356000000,17135029000000,28021536000000,16306907000000,,,4541566000000,-4420289000000,819254000000,3166489000000,677882000000
2019,11014,3분기보고서,3,9,46244973000000,34435452000000,11809521000000,2334337000000,1415497000000,1029678000000,21840692000000,47204560000000,4798880000000,708915000000,6894720000000,18300565000000,29753634000000,17450926000000,1593483000000,,2546225000000,-1428437000000,-693262000000,1504587000000,361118000000
2019,11011,사업보고서,4,12,62306175000000,46970606000000,15335569000000,2436139000000,528638000000,179948000000,19753485000000,44859875000000,4777368000000,639150000000,5863418000000,17657916000000,28434737000000,16425138000000,1643656000000,,3689164000000,-2083257000000,-1116963000000,2072127000000,472472000000
2020,11013,1분기보고서,1,3,14727803000000,10834056000000,3893747000000,1090404000000,1389373000000,1086731000000,20498178000000,45570152000000,4862760000000,571006000000,6285467000000,17150862000000,28179481000000,17390671000000,1746418000000,,103970000000,-120702000000,53752000000,522102000000,248977000000
2020,11012,반기보고서,2,6,27561630000000,20297098000000,7264532000000,1585841000000,1537284000000,1152281000000,19904993000000,44770155000000,5464763000000,557519000000,6034737000000,16360907000000,27411364000000,17358791000000,1777819000000,,1516491000000,-628258000000,-236436000000,930638000000,377419000000
2020,11014,3분기보고서,3,9,44481189000000,32638057000000,11843132000000,2544822000000,2308929000000,1801506000000,24492111000000,49395983000000,6576589000000,514629000000,7347003000000,20325590000000,31623989000000,17771994000000,1730468000000,,3099079000000,-1139422000000,-179249000000,1545303000000,373523000000
2020,11011,사업보고서,4,12,63262046000000,46945103000000,16316943000000,3194987000000,2455643000000,2063790000000,23239420000000,48204227000000,5896309000000,446426000000,7447157000000,20207492000000,30662102000000,17542125000000,1450135000000,,4628576000000,-2314521000000,-993875000000,2281865000000,801177000000
2021,11013,1분기보고서,1,3,18809481000000,13933446000000,4876035000000,1516646000000,1493621000000,1169145000000,25306574000000,50458634000000,6303286000000,487879000000,7995929000000,21645722000000,31607835000000,18850799000000,1707223000000,,1300868000000,-682948000000,-293788000000,550311000000,113654000000
2021,11012,반기보고서,2,6,34926300000000,25574848000000,9351452000000,2645418000000,2865634000000,877180000000,24807374000000,50666883000000,6186301000000,476622000000,8327487000000,21399003000000,31965236000000,18701647000000,1695562000000,8404816000000,1667508000000,-1166365000000,-316565000000,980275000000,200848000000
2021,11014,3분기보고서,3,9,53712951000000,39574622000000,14138329000000,3186117000000,3496486000000,1393657000000,28099220000000,54559798000000,6619803000000,502882000000,9958141000000,23669388000000,34254674000000,20305124000000,1878961000000,8584947000000,2235641000000,-2073783000000,313770000000,1965292000000,359045000000
2021,11011,사업보고서,4,12,74721629000000,55848752000000,18872877000000,3863774000000,3543395000000,1414972000000,27487763000000,53481478000000,6051516000000,489056000000,9754018000000,23619899000000,33383445000000,20098033000000,1895600000000,8035953000000,2677382000000,-2465536000000,-282268000000,2648065000000,611026000000
2022,11013,1분기보고서,1,3,21111389000000,15194376000000,5917013000000,1880482000000,1922589000000,1401001000000,29125937000000,55050923000000,5619445000000,747459000000,10214311000000,23364574000000,33170602000000,21880321000000,1893262000000,8210821000000,-137696000000,-446229000000,45942000000,616239000000,155062000000
2022,11012,반기보고서,2,6,40433045000000,29476244000000,10956801000000,2735144000000,2670136000000,1739033000000,28454419000000,55368797000000,6482932000000,666819000000,9684438000000,22110854000000,32115772000000,23253025000000,2038828000000,8382509000000,1635728000000,-1369017000000,-75274000000,1379886000000,282460000000
2022,11014,3분기보고서,3,9,61609810000000,45607560000000,16002250000000,3481701000000,3106111000000,2075464000000,33418378000000,61299428000000,7567670000000,592862000000,11207096000000,25981687000000,36404183000000,24895245000000,2721058000000,8717122000000,2634754000000,-2204742000000,571668000000,2196755000000,439688000000
2022,11011,사업보고서,4,12,83467318000000,63231088000000,20236230000000,3550972000000,2539811000000,1863123000000,27488228000000,55156141000000,6322360000000,602782000000,9388808000000,22332549000000,32664144000000,22491997000000,2287518000000,8757669000000,3107839000000,-3227546000000,448320000000,3116817000000,635971000000
2023,11013,1분기보고서,1,3,20415872000000,15245929000000,5169943000000,1497388000000,933661000000,546529000000,29246004000000,57490643000000,6810985000000,600955000000,9832444000000,22809484000000,34130873000000,23359770000000,2486367000000,9735012000000,1079330000000,-1629513000000,898040000000,765163000000,175901000000
2023,11012,반기보고서,2,6,40414329000000,30358382000000,10055947000000,2239305000000,1319873000000,741783000000,29273905000000,58160448000000,7238657000000,597237000000,8603623000000,23015998000000,34608857000000,23551591000000,2842896000000,9966285000000,2709547000000,-3053526000000,1165606000000,1628153000000,383541000000
2023,11014,3분기보고서,3,9,61123669000000,46056242000000,15067427000000,3235965000000,1968881000000,1227045000000,32624135000000,61903092000000,8112196000000,654694000000,9948466000000,25114951000000,37677993000000,24225099000000,2475371000000,10790609000000,4377349000000,-4209328000000,1513093000000,2506808000000,617248000000
2023,11011,사업보고서,4,12,84227765000000,64425110000000,19802655000000,3549074000000,1869879000000,1150611000000,30341209000000,60240793000000,8487563000000,9265022000000,9125404000000,24160380000000,36742257000000,23498536000000,,10719175000000,5913596000000,-5289705000000,1503249000000,3269884000000,867724000000
2024,11013,1분기보고서,1,3,21095949000000,15710998000000,5384951000000,1335411000000,978358000000,585415000000,31069001000000,61366108000000,7009588000000,,10036937000000,24083613000000,36906703000000,24459405000000,,10975502000000,-80056000000,-1499604000000,48340000000,564344000000,377201000000
2024,11012,반기보고서,2,6,42790315000000,31741305000000,11049010000000,2531557000000,1875011000000,1214885000000,32833342000000,63125926000000,8554530000000,,9933765000000,24202628000000,37880557000000,25245369000000,,11834281000000,1926603000000,-2366131000000,356532000000,1123953000000,613890000000
2024,11014,3분기보고서,3,9,64966707000000,48539496000000,16427211000000,3284344000000,2431169000000,1305119000000,34521087000000,64321918000000,7692326000000,,11015890000000,26768910000000,39902594000000,24419324000000,,11255548000000,2133825000000,-3120225000000,221953000000,1719253000000,862045000000
2024,11011,사업보고서,4,12,87728182000000,66348948000000,21379234000000,3419675000000,1335795000000,591365000000,33923517000000,65629589000000,7573036000000,10535614000000,10729360000000,27307439000000,40417925000000,25211664000000,,11093282000000,3842661000000,-4211873000000,-704675000000,2356437000000,1311588000000
2025,11013,1분기보고서,1,3,22739812000000,17148549000000,5591263000000,1259059000000,1118085000000,875618000000,34510811000000,65949342000000,6985040000000,11648007000000,10686268000000,26482761000000,39702715000000,26246627000000,,10535666000000,485706000000,-988450000000,-240892000000,645782000000,358480000000
2025,11012,반기보고서,2,6,43474954000000,32705297000000,10769657000000,1898463000000,1879622000000,1485261000000,31136961000000,62361784000000,7575691000000,9876816000000,9760670000000,23976827000000,36491823000000,25869961000000,,10039489000000,2033849000000,-802711000000,-1162292000000,1233192000000,592137000000
2025,11014,3분기보고서,3,9,65348728000000,49337319000000,16011409000000,2587381000000,2447001000000,1946335000000,34764672000000,67170135000000,7958078000000,11490018000000,11455968000000,27597279000000,40250544000000,26919591000000,,10059751000000,3670350000000,-1878747000000,-1473881000000,1850073000000,859960000000
2025,11011,사업보고서,4,12,89200882000000,68359224000000,20841658000000,2478392000000,1836425000000,1220412000000,34869881000000,68620167000000,8769841000000,11160680000000,11084962000000,27183160000000,40068142000000,28552025000000,,10180049000000,4280500000000,-3013603000000,-319476000000,2615348000000,1292032000000
2026,11013,1분기보고서,1,3,23727227000000,17564180000000,6163047000000,1673723000000,1400911000000,1005088000000,36751815000000,71234533000000,8631642000000,12428017000000,11660164000000,27808477000000,40705303000000,30529230000000,,10031754000000,1100897000000,-1171765000000,-326252000000,689893000000,479664000000
2026,11012,반기보고서,2,6,47553695000000,34785740000000,12767955000000,3252805000000,2640286000000,1786410000000,38693089000000,73696206000000,10069493000000,12478874000000,12186506000000,29627554000000,41778571000000,31917635000000,,9162908000000,3552902000000,-1932551000000,-757055000000,1263464000000,746159000000
