year,report_code,report_name,period_order,period_months,revenue_growth_pct,gross_margin_pct,operating_margin_pct,net_margin_pct,current_ratio_pct,quick_ratio_pct,debt_ratio_pct,debt_to_equity_pct,equity_ratio_pct,borrowings,net_debt,roa_pct,roe_pct,asset_turnover_x,inventory_turnover_x,dso_days,cfo_margin_pct,cfo_conversion_pct,capex,free_cash_flow,fcf_margin_pct
2011,11011,사업보고서,4,12,,17.95292396140404,-1.064805922054911,-0.9891362960477934,91.91295734698983,15.37799152334788,56.63142587594729,130.58171041998557,43.36857412405271,,,,,,,,1.829317924504698,-184.9409360281233,,,
2012,11011,사업보고서,4,12,81.37070112369804,24.150448024133762,2.2291630502666226,-0.6961541466913506,113.56420830604954,14.296212395965266,59.61451787507074,-6910.247916221415,-0.8626972374627695,,,-1.2748169957009245,-6.940103266216911,1.8312280430416394,14.093653193202304,,3.436889238845433,-493.696583605818,,,
2013,11011,사업보고서,4,12,-44.900103763781054,19.336177581062216,-0.7617002022337418,-0.6733776382582007,174.6680916821799,13.89153668963789,60.62317203555697,93399.93830207306,0.06490707931678731,,,-0.6701475574350166,148.19456527702667,0.9952031658913724,8.212290674968813,,7.873892473332729,-1169.3130311989296,,,
2014,11011,사업보고서,4,12,110.26741615010134,23.274841602244088,3.097109155102948,0.0,110.97061516156586,63.01955732985222,64.95373420286055,253.74733103586374,25.59779996018174,,,0.0,0.0,1.9033282053102232,13.669318002478631,,3.4369235074469815,,,,
2015,11011,사업보고서,4,12,-4.288153980113436,22.782111128193932,2.109913166410566,0.4408907691318878,110.946927104227,66.33094020707199,64.24650497429414,179.6929361118473,35.75349502570586,,,0.6790273558550537,2.217345378978913,1.5401260434462167,8.245516489166755,47.72427127901449,4.634261142931407,1051.1132161048072,2230845000000.0,387930000000.0,0.6864923199501219
2016,11013,1분기보고서,1,3,,24.873968069366395,3.7805687583304706,1.4823130213911149,111.30340424406353,64.89692455163974,65.05894809111001,186.19630645566565,34.94105190888999,,,,,,,,4.470071672919431,301.5605751560071,432242000000.0,165053000000.0,1.2352334103422444
2016,11012,반기보고서,2,6,,25.909543975684002,3.9823377513316993,1.7050190184319902,112.51922057760592,66.83864617036322,64.75154117149117,183.70034697551182,35.24845882850883,,,,,,,,5.2028369636110785,305.14832429234923,1042578000000.0,381180000000.0,1.3929455664440662
2016,11014,3분기보고서,3,9,,25.620441189593446,3.3826680563938316,0.9486671622657243,112.46770157879669,65.9622778134859,66.2663069849354,196.43952696001168,33.7336930150646,,,,,,,,6.07960302407075,640.8573276164308,1656460000000.0,811206000000.0,1.9985729230553635
2016,11011,사업보고서,4,12,-2.020872495231203,24.810323500628975,2.416172454102787,0.22814117563424427,107.91520699089527,63.991317782032986,64.71629352310242,183.4169365553366,35.28370647689758,,,0.34061324541000293,0.95910327886671,1.4929932944505981,8.289839462404807,46.65170486018277,5.7037370956829125,2500.0910422356806,2476091000000.0,681899000000.0,1.231597510381313
2017,11013,1분기보고서,1,3,9.692375968130735,25.20403291380328,6.287260713066907,5.701575622182527,108.20033931994469,64.34417451950056,64.0871571618142,178.4519188597092,35.912842838185796,,,8.878351686564356,25.05668791888166,1.5571751170013912,8.113399721473979,44.196439987080744,5.423671133779085,95.12583000175903,778299000000.0,16659000000.0,0.11365749815414875
2017,11012,반기보고서,2,6,6.736966359111146,25.38855929613893,5.428526970048724,4.6238360236649445,114.43700896811622,68.56116018812142,63.37768827976149,173.0575851243634,36.622311720238514,,,7.053678499228654,19.618512223820105,1.5255035998525242,8.049332862282956,45.91266054130281,5.927516908116632,128.19479059766408,1493249000000.0,238096000000.0,0.8151570401941483
2017,11011,사업보고서,4,12,10.88960464975611,23.875583414787773,4.0206814471051695,3.045001876660809,109.45742786319026,65.7419081491315,64.40237113357794,180.9175868854747,35.597628866422056,,,4.728394480323468,13.339205048114502,1.5528379527662852,8.436800484356086,45.29514546841304,3.528340575139694,115.87318228548749,3219314000000.0,-1053044000000.0,-1.7151591780375504
2018,11011,사업보고서,4,12,-0.08896303887056095,24.58531936792585,4.406941096348479,2.401001055334919,113.0015828978171,62.10658878954918,63.21344514626873,171.83844857887522,36.786554853731275,,,3.4431894684664193,9.507978721258095,1.43406412121969,7.75547740015271,43.287703729393456,7.40372155538526,308.3597793068235,3844371000000.0,697195000000.0,1.1365766015085603
2019,11014,3분기보고서,3,9,13.934007964963739,25.536875110728253,5.047763786130873,2.2265728212231846,119.344359040281,30.096311234106704,63.03127070774518,170.49888355494718,36.968729292254814,1593483000000.0,-3205397000000.0,3.24985706020335,9.143939230711824,1.4595781594145285,7.381963186278025,21.76513259884485,5.50594980345215,247.28361682001557,1865705000000.0,680520000000.0,1.471554540641639
2019,11011,사업보고서,4,12,1.5723587152771075,24.613240982936283,3.9099479305221356,0.2888124652171314,111.86758958418423,30.6747296793121,63.385680410389014,173.11718781297301,36.614319589610986,1643656000000.0,-3133712000000.0,0.4035236991463389,1.0995218905509876,1.397182420235798,7.904333056732925,20.535055795031553,5.921024681743021,2050.1278147020253,2544599000000.0,1144565000000.0,1.8370009072134503
2020,11013,1분기보고서,1,3,0.48173613585246944,26.438070905755595,7.403711198472712,7.378771972981984,119.51689658513958,31.68217434202433,61.837583951881484,162.0379167658338,38.162416048118516,1746418000000.0,-3116342000000.0,10.387577769148262,27.9704446258841,1.4077651141928873,7.42219084177016,24.5695460314074,0.7059437174709629,9.567225007844629,771079000000.0,-667109000000.0,-4.52958937595784
2020,11012,반기보고서,2,6,-5.638663674626022,26.3574106466127,5.753799757126121,4.180743301466568,121.66191642064832,36.808973976809476,61.226868658372965,157.91055955452197,38.77313134162703,1777819000000.0,-3686944000000.0,5.479709961012478,14.509208913042063,1.3107023239360915,6.966018216682893,26.162125480241915,5.502181837576369,131.60774151443962,1308057000000.0,208434000000.0,0.7562469999053032
2020,11014,3분기보고서,3,9,-3.814001578074227,26.62503468601075,5.721119550109148,4.050040119206346,120.49889326705892,34.888128708686935,64.0213780136737,177.9428296003251,35.978621986326296,1730468000000.0,-4846121000000.0,4.973073495042362,13.638891948765178,1.2279072178714359,6.111256248044331,3.765020422453186,6.967167626746668,172.02712619330717,1918826000000.0,1180253000000.0,2.6533755651181
2020,11011,사업보고서,4,12,1.5341513100427044,25.79262611898452,5.050400993986188,3.262287786266034,115.00397971207907,31.38803667471451,63.6087412002271,174.79126388621674,36.39125879977289,1450135000000.0,-4446174000000.0,4.435201018755868,12.151641420152103,1.3595370210524353,7.053805414116219,3.1316979536197733,7.316513285074593,224.27553190973887,3083042000000.0,1545534000000.0,2.4430667323026514
2021,11013,1분기보고서,1,3,27.71409965220203,25.923283050712563,8.06319961725685,6.215721741604672,116.91258900950497,31.37416714489819,62.641083387235575,167.67371505048672,37.358916612764425,1707223000000.0,-4596063000000.0,9.739954434079797,25.807893553986634,1.5669868824541842,7.805089082327806,2.5684721510923136,6.916022829125376,111.26660935983132,663965000000.0,636903000000.0,3.3860742888121154
2021,11012,반기보고서,2,6,26.720734586452256,26.774814394882938,7.574286425988438,2.5115171088835635,115.92770934234646,31.136604822196624,63.08901220546762,170.922036973535,36.91098779453238,10100378000000.0,3914077000000.0,3.6764762125161514,9.730109212761088,1.4638467719419372,7.1228099492112085,2.7018426300524245,4.774362013726046,190.0987254611368,1181123000000.0,486385000000.0,1.3926038544019836
2021,11014,3분기보고서,3,9,20.75430582577278,26.322011240827187,5.931748192349365,2.5946386747583468,118.71544798707933,30.092391911442746,62.783725848838365,168.6996543335564,37.216274151161635,10463908000000.0,3844105000000.0,3.574999515098315,9.760241483262117,1.377840987986998,6.098321131181187,2.592890830462843,4.1622010304367745,160.41543937999091,2324337000000.0,-88696000000.0,-0.1651296351228217
2021,11011,사업보고서,4,12,18.11446787541459,25.25758237952762,5.170891014702049,1.8936578590919104,116.3754468213433,27.6909397453393,62.420572969206276,166.1030460045518,37.579427030793724,9931553000000.0,3880037000000.0,2.7830303187650616,7.5184168993126965,1.4696584736271436,6.493597326926794,2.284819901343425,3.5831419039325283,189.2180198618771,3259091000000.0,-581709000000.0,-0.7785014965345576
2022,11013,1분기보고서,1,3,12.238019751847485,28.027587384231328,8.907429065894243,6.636233172530713,124.65854074634531,27.250246462871523,60.25439755115459,151.60016162468548,39.74560244884541,10104083000000.0,4484638000000.0,10.622741975876176,27.51706312028739,1.6007186154710136,6.675090937845959,2.669757837819198,-0.6522356250457988,-9.828401264524436,771301000000.0,-908997000000.0,-4.305718586304293
2022,11012,반기보고서,2,6,15.766757429215234,27.098629351314006,6.764625320699938,4.301019129279034,128.68982355905385,32.335933293214275,58.00337688391532,138.11438296737737,41.99662311608468,10421337000000.0,3938405000000.0,6.560180497734347,16.58011293712414,1.525261874116335,6.545939759353873,2.5805375590683313,4.045522665928327,94.05962969075343,1662346000000.0,-26618000000.0,-0.06583229138443568
2022,11014,3분기보고서,3,9,14.701964522485461,25.97354220050346,5.651212039121692,3.3687232601431494,128.62281806412338,31.408784194806135,59.38747585050875,146.22946269458282,40.61252414949125,11438180000000.0,3870510000000.0,4.7769788024189515,12.244525407893608,1.4180383586082879,5.746222449576162,2.434351931940709,4.2765170027305714,126.94770904241173,2636443000000.0,-1689000000.0,-0.0027414465326219967
2022,11011,사업보고서,4,12,11.704360728002865,24.2444953125246,4.254326226224257,2.2321586995283593,123.08594061519801,31.00918753161585,59.221227968069776,145.22562847576407,40.778772031930224,11045187000000.0,4722827000000.0,3.42997760287806,8.74910395695894,1.53661906010661,6.6062438220981585,2.3872869019224985,3.7234202253868998,166.80804219581853,3752788000000.0,-644949000000.0,-0.7726964462905109
2023,11013,1분기보고서,1,3,-3.2945108443598854,25.323155435143796,7.334430780130282,2.6769809293475193,128.21861292434323,32.49499199543488,59.367700931784675,146.109627791712,40.632299068215325,12221379000000.0,5410394000000.0,3.884993034484699,9.664507527184242,1.4512591374461592,6.084148382119699,3.0134097994932567,5.286720057806004,197.48814792993602,941064000000.0,138266000000.0,0.677247584624355
2023,11012,반기보고서,2,6,-0.04628887089755422,24.88213277028551,5.540868932897538,1.8354455420996845,127.18937931781188,34.04542353540351,59.50582945991062,146.94912543275737,40.49417054008938,12809181000000.0,5570524000000.0,2.6135397976089774,6.339400370254079,1.4239266367005259,6.640043906240251,2.8540647056146846,6.704421592648488,365.2748849730986,2011694000000.0,697853000000.0,1.7267464715299368
2023,11014,3분기보고서,3,9,-0.7890642740174009,24.650724091840758,5.294127549836709,2.0074792957863834,129.8992580156736,34.90705596041179,60.86609211701413,155.5328752216864,39.13390788298588,13265980000000.0,5153784000000.0,2.655887233475419,6.661435432944036,1.3229960772447402,5.805406887008406,2.7936678261247705,7.161463098689315,356.7390763989911,3124056000000.0,1253293000000.0,2.0504217441528256
2023,11011,사업보고서,4,12,0.9110715645613532,23.510839923153608,4.213662798722013,1.3660709149767893,125.58249911632184,73.47808685128297,60.99231960641687,156.35977066826632,39.00768039358313,10719175000000.0,2231612000000.0,1.9941794987378088,5.003686302135268,1.4597920773181028,6.95953033269793,21.38100458916368,7.020957994077132,513.9526738402467,4137608000000.0,1775988000000.0,2.1085541092061506
2024,11013,1분기보고서,1,3,3.3311190430661006,25.52599553592019,6.330177419370894,2.775011448880541,129.00473446405238,29.10521772626059,60.141834316753474,150.88961894207975,39.858165683246526,10975502000000.0,3965914000000.0,3.94030625992797,9.793811792026943,1.41992432554378,6.325712109501549,,-0.3794851798323934,-13.67508519597209,941545000000.0,-1021601000000.0,-4.842640641575309
2024,11012,반기보고서,2,6,5.879068287883736,25.821286896345587,5.916191549419535,2.839158814325158,135.66023491333254,35.34545917906105,60.00792289367764,150.04952789559147,39.99207710632237,11834281000000.0,3279751000000.0,4.006666074459445,9.958694148160049,1.411215904599473,6.8491429321110395,,4.502427710569553,158.58315807669038,1737843000000.0,188760000000.0,0.4411278580211433
2024,11014,3분기보고서,3,9,6.28731563872581,25.28558358360383,5.055426312434152,2.0089043454211093,128.95962891279473,28.736044911802534,62.035765164838516,163.4058092681026,37.96423483516148,11255548000000.0,3563222000000.0,2.757232764991132,7.15460708277562,1.3725057498510003,6.174225242120483,,3.2844900080898363,163.49658536884374,2581298000000.0,-447473000000.0,-0.6887727894227423
2024,11011,사업보고서,4,12,4.155894436947246,24.369858707433377,3.8980347273125986,0.6740878318896429,124.2281160089747,66.31398132940991,61.584912561314376,160.31438860997036,38.41508743868562,11093282000000.0,3520246000000.0,0.9396412255267486,2.4280951422905264,1.3939447963222993,6.683428521235508,41.191051582489195,4.380189937140154,649.795134984316,3668025000000.0,174636000000.0,0.19906487974411688
2025,11013,1분기보고서,1,3,7.792315956016011,24.587991316726804,5.5368047897669515,3.850594719076833,130.31424857853756,70.35915552762796,60.201836433788834,151.2678752968905,39.79816356621117,10535666000000.0,3550626000000.0,5.502037655288498,13.814813985050142,1.4288799670424916,6.620037392864665,,2.135927948744695,55.47007941819378,1004262000000.0,-518556000000.0,-2.2803882459538363
2025,11012,반기보고서,2,6,1.5999858846563761,24.772095216017938,4.366797029848496,3.4163601415196436,129.86272537229385,72.7890600370099,58.5163230737594,141.0586703242421,41.4836769262406,10039489000000.0,2463798000000.0,4.734363229674045,11.622822350946379,1.3857916125810248,6.64254587653822,,4.678208515183248,136.9354611748373,1825329000000.0,208520000000.0,0.47963247988715524
2025,11014,3분기보고서,3,9,0.5880258022005025,24.501485323478676,3.9593440900640022,2.9783823795315496,125.97137565627395,70.47106346969932,59.92327393714484,149.52138017252935,40.076726062855165,10059751000000.0,2101673000000.0,3.947178972608075,10.10973189960611,1.3252760960897512,5.854708765069626,,5.616559208313894,188.57750592780792,2710033000000.0,960317000000.0,1.4695266907107971
2025,11011,사업보고서,4,12,1.6787079891841372,23.364856414760563,2.7784388948082372,1.3681613596600983,128.27751078241087,73.31936757904526,58.391204439942555,140.33380119273502,41.60879556005744,10180049000000.0,1410208000000.0,1.8181217401989171,4.539911686491602,1.328879614500007,6.267370950149172,44.38940026400187,4.798719366922851,350.742208368977,3907380000000.0,373120000000.0,0.4182918281009822
2026,11013,1분기보고서,1,3,4.342230269977606,25.97457764449255,7.054018575369132,4.236011228787924,132.16047394468958,75.73107653468401,57.14265439207694,133.33222947319666,42.85734560792306,10031754000000.0,1400112000000.0,5.861260297538614,14.162188692281653,1.3836744005080772,6.2879586325011525,46.29570050474082,4.639804727286505,109.53239915310897,1169557000000.0,-68660000000.0,-0.28937220518857937
2026,11012,반기보고서,2,6,9.381817862302972,26.849553962105364,6.840278131909623,3.7566165994041048,130.5983241141,76.10607004547187,56.69026028286992,130.89494569381472,43.30973971713008,9162908000000.0,-906585000000.0,5.251907660843733,12.36535259227603,1.3980419672523459,6.339902682695942,42.89796434325451,7.471347915235609,198.885026393717,2009623000000.0,1543279000000.0,3.245339820596486
